User,Date,Tweet,Comment,Share,Like
Guillermo Lasso,1-Jun,"“No hay palabras más sinceras, que las expresadas por los niños”. 

Compartí un maravilloso encuentro con niñas y niños de Chimborazo, quienes en este #DíaDelNiño expresaron sus deseos para el Ecuador: bienestar y prosperidad.

Por ellos y su futuro, #JuntosLoLogramos. ",105,288,1.9K
Guillermo Lasso,1-Jun,"Ante la Gran Nación Puruhá, reafirmamos nuestro compromiso de:

◦ Construir caminos vecinales 
◦ Salud y educación de calidad
◦ Impulsar los sectores productivos
◦ Rehabilitar escuelas rurales 
◦ Crear empleos para todos

¡Su bienestar es la prioridad! 

#JuntosLoLogramos",80,220,1.1K
Guillermo Lasso,1-Jun,"Con humildad, recibo el Bastón de Mando de los pueblos y comunidades de la Gran Nación Puruhá. Les agradezco por sus buenos deseos y oraciones, han llegado a mi corazón.

Trabajaremos con sabiduría para beneficiar siempre al pueblo ecuatoriano.

#JuntosLoLogramos",173,635,3.9K
Guillermo Lasso,1-Jun,"Gracias a la Gran Nación Puruhá, a los pueblos y a las comunidades que nos dieron la bienvenida en Colta.

Este es un encuentro lleno de esperanza por el futuro. Es un honor tener la oportunidad de servirles y trabajar junto a ustedes. 

¡#JuntosLoLogramos por el !",55,320,1.2K
Guillermo Lasso,1-Jun,"Los invito a acompañarme en esta especial ceremonia, que se transmitirá en vivo a través de mis redes sociales. Siempre estaré agradecido por todo su apoyo. 

¡Mi compromiso es con su bienestar! 

FB: https://facebook.com/events/5592884780753269/…
YT: https://youtu.be/n8TszfOJivI

#JuntosLoLogramos",95,172,967
Guillermo Lasso,31-May,"El economista Fernando Villacís estará a cargo de 
@inmobiliarec
. Es un gran profesional, comprometido con la transparencia y la gestión responsable de los recursos de los ecuatorianos. Como secretario, va a trabajar para todos de forma eficiente y efectiva.

#GobiernoDelEncuentro",144,346,2K
Guillermo Lasso,31-May,"Estamos comprometidos con tu salud, la de tu familia y todos sus seres queridos.

En http://lugarvacunacion.cne.gob.ec podrás consultar tu lugar de vacunación. El #PlanVacunación9100 busca el exclusivo bien de la gente. 

¡#JuntosLoLogramos!",133,351,1.3K
Guillermo Lasso,31-May,"¡Rumiñahui hoy celebra 83 años de cantonización! 

Un fraterno saludo de mi parte y felicitaciones a su maravillosa gente, que hace de Rumiñahui un cantón de gente trabajadora, amable y valiente. Juntos lograremos su reactivación y prosperidad. ",59,247,2.1K
Guillermo Lasso,31-May,"Primeros pasos del #PlanVacunación9100. Es un gusto compartir con ustedes este momento. Sigamos encontrándonos por la salud y trabajando en conjunto por el bien del país.

#JuntosLoLogramos ",140,411,2.3K
Guillermo Lasso,24-May,"A trabajar por todos los ecuatorianos.

#GobiernoDelEncuentro
#JuntosLoLogramos",267,781,5.7K
Guillermo Lasso,24-May,"Decretamos la eliminación de los registros de crédito con deudas vencidas menores a $1.000. 

Reincorporamos a la vida productiva a 1.7 millones de ecuatorianos. Es un acto de estricta justicia, que busca la reactivación económica. 

#GobiernoDelEncuentro 
#JuntosLoLogramos",835,3K,14.9K
Guillermo Lasso,24-May,"En las próximas horas, enviaremos a la Asamblea Nacional un proyecto de ley de libertad de expresión, que ha sido redactado acorde a principios internacionales. El objetivo es volver a vivir en plena libertad en el Ecuador. 

#GobiernoDelEncuentro
#JuntosLoLogramos",113,491,2.2K
Guillermo Lasso,24-May,"La libertad es nuestra bandera de lucha. Cumpliendo con el compromiso de garantizar el derecho a un Ecuador libre, firmamos el Decreto para derogar el Reglamento a la Ley de Comunicación.

¡ECUADOR RESPIRA LIBERTAD! 

#GobiernoDelEncuentro 
#JuntosLoLogramos",471,1.2K,5.7K
Guillermo Lasso,24-May,"He firmado el Decreto para el Código de Ética y Estándares de Conducta Gubernamental, que establece los más altos estándares de comportamiento ético con el fin de lograr una gestión transparente y eficiente en la función pública. 

#GobiernoDelEncuentro
#JuntosLoLogramos",342,1.6K,7.9K
Comunicación Ecuador,24-May,"Boletín Oficial 001 

El presidente 
@LassoGuillermo
 hizo un llamado a la unidad nacional en la ceremonia del 24 de Mayo.

 https://bit.ly/3ucxe1n

#GobiernoDelEncuentro
#JuntosLoLogramos",39,376,1.2K
Guillermo Lasso,24-May,"En breve, los invito a acompañarnos en la transmisión en vivo de los primeros Decretos Presidenciales. Desde hoy, empieza el trabajo por un Ecuador de oportunidades. 

FB: http://facebook.com/events/1428477314169362/…
YT: https://youtu.be/260HxX_epwE

#GobiernoDelEncuentro
#JuntosLoLogramos",125,353,1.6K
Presidencia ECU,24-May,"TRANSMISIÓN | A partir de las 16h30, en vivo, conoce los primeros Decretos Presidenciales que firmará el Primer Mandatario, 
@LassoGuillermo
.

#GobiernoDelEncuentro
#JuntosLoLogramos",51,333,1.3K
Guillermo Lasso,24-May,"Mi compañera, mi punto de apoyo, la Primera Dama del Ecuador 
@MLAlcivar
. 

#JuntosLoLogramos",549,2.4K,18.3K
Guillermo Lasso,24-May,"Esta mañana asistí al Tedeum en la Catedral Metropolitana de Quito junto a mi familia.

Se me vienen a la mente recuerdos de mis padres y de mi hermano mayor Enrique, quienes me enseñaron el valor del servicio. 

Estaré siempre agradecido de tener la oportunidad de servirles.",209,609,4.2K
Guillermo Lasso,24-May,"A las 9h30, los invito a acompañarme en la ceremonia de cambio de mando. 

Hoy es un día de celebración y encuentro, el futuro que le espera al Ecuador es brillante. ¡Empieza el cambio!

FB: https://web.facebook.com/LassoGuillermo/live/…
YT: https://youtu.be/gVupIhWJAS0

#JuntosLoLogramos",698,1.3K,6.6K
Guillermo Lasso,23-May,"La democracia se fortalece compartiendo nuestras ideas. Agradezco la invitación al Foro Iberoamericano: Desafíos de La Libertad, espacio que nos impulsa a encontrarnos por la libertad en todo el mundo.

Empezamos una nueva historia, una que incluye a todos los ecuatorianos. ",114,463,2.8K
Guillermo Lasso,23-May,"Entre reuniones, preparándonos para mañana.",935,1.3K,15.5K
Guillermo Lasso,23-May,Fue un honor recibir al Rey Felipe VI de España. Encuentros como este son fundamentales para fortalecer la relación entre nuestros países. Nuestro objetivo es brindar oportunidades de bienestar y prosperidad para todos. ,135,708,5.1K
Guillermo Lasso,23-May,"Hoy mantuve una reunión con el Presidente de Haití 
@moisejovenel
, quien asistirá mañana a la ceremonia de cambio de mando. Una reunión bilateral productiva, que fortalecerá la relación entre nuestros países para lograr bienestar. ",96,304,2.8K
Guillermo Lasso,22-May,"Recibiendo la carta de felicitación de la Reina Isabel II del Reino Unido, de manos del Embajador 
@HMACampbell
. Agradezco este noble gesto y reitero mi compromiso de fortalecer los lazos de amistad. ",406,855,7K
Guillermo Lasso,21-May,"El Ministerio de Gobierno estará a cargo de 
@CesarMongeO
, una persona admirable y compañero de lucha incondicional. Trabajaremos incansablemente por construir un país de paz, donde todos los ecuatorianos puedan crecer seguros y con oportunidades. ",818,1.1K,6.9K
Guillermo Lasso,21-May,"El Secretario Jurídico de la Presidencia será 
@fabianpozo
, un excelente abogado e investigador, comprometido con el futuro del Ecuador. Hoy se une al Gobierno del Encuentro para trabajar con la gente en proyectos de ley y reformas normativas que logren bienestar y prosperidad. ",271,509,2.9K
Guillermo Lasso,20-May,"El Gobierno del encuentro. 

Aquí los ministros y ministras designados, listos para empezar el camino hacia un Ecuador de oportunidades, moderno y abierto al mundo. 

¡4 días para el 24 de Mayo!",692,774,4K
Guillermo Lasso,19-May,"A las 10h30 los invito a ser parte de la entrega de credenciales de Presidente y Vicepresidente de la República por parte del 
@cnegobec
.

Acompáñennos a celebrar la democracia y la voluntad popular. 

FB https://web.facebook.com/LassoGuillermo/posts/5556234064417791…
YT https://youtu.be/uBuNa5Ghp5o

#ElEcuadorDelEncuentro",153,371,1.7K
Guillermo Lasso,18-May,"Guayas necesita un administrador que haga frente a la inseguridad y a la falta de oportunidades. Como Gobernador, 
@VicenteTaianoA
 garantizará el orden, políticas públicas efectivas y los derechos de los ciudadanos.

¡Encontrémonos por la seguridad y el bienestar de Guayas! ",698,848,4K
Guillermo Lasso,17-May,"¡7 días para el 24 de mayo!

Estamos listos para empezar el camino hacia un Ecuador de oportunidades. 

#ElEcuadorDelEncuentro",668,864,6.7K
Guillermo Lasso,17-May,"En el Ministerio del Ambiente y Agua estará 
@GustavoManriq_M
, quien cuenta con una excelente trayectoria profesional en cuidado ambiental y prácticas sostenibles. 

Tenemos el compromiso de ser responsables y proteger al ambiente y las comunidades. 

#ElEcuadorDelEncuentro ",248,702,3.4K
Guillermo Lasso,17-May,"En el Ministerio de Telecomunicaciones y de la Sociedad de la Información estará 
@vmaino
 como Ministra, una gran ecuatoriana comprometida con el desarrollo del país. 

Nuestra misión es un gobierno abierto y lograr un Ecuador 100% digital. 

#EncontrémonosPorLaConectividad",216,590,2.5K
Guillermo Lasso,17-May,".
@nielsolsenp
 será el Ministro de Turismo. Es un gran emprendedor dedicado a la reactivación y la prosperidad del sector. 

Convertiremos al turismo en motor de desarrollo a través de una gestión sostenible. ¡Ecuador será potencia turística! 

#EncontrémonosPorElTurismo",497,959,6.2K
Guillermo Lasso,15-May,".
@mariomancino
 será el Gobernador de Loja, quien pone una prestigiosa carrera profesional al servicio de su provincia. La Gobernación de Loja tendrá un gran servidor que trabajará incansablemente por su desarrollo y prosperidad de manera eficiente y transparente.",377,749,4.4K
Guillermo Lasso,15-May,"Extiendo mis felicitaciones a 
@GuadalupeLlori
, la nueva Presidenta de la Asamblea Nacional. Reitero mi compromiso a la Función Legislativa de trabajar en conjunto por el Ecuador. Éxitos en su gestión.",1K,3.3K,16.3K
Guillermo Lasso,13-May,"¡Hoy Pallatanga conmemora 35 años de cantonización! 

Felicidades a su maravillosa gente por hacer de este cantón una tierra de oportunidades. Juntos lograremos la prosperidad de Pallatanga, garantizando empleo, salud, educación, seguridad y bienestar para todos los habitantes.",468,190,1.7K
Guillermo Lasso,12-May,".
@ivonnebaki
 continuará siendo la Embajadora de Ecuador en Estados Unidos. Trabajaremos para fortalecer las relaciones entre ambos países y garantizar el bienestar de los ecuatorianos en EEUU. Estamos comprometidos con la apertura al mundo, la cooperación y el desarrollo.",1.3K,812,4.9K
Guillermo Lasso,12-May,"Todos los ecuatorianos anhelan una casa propia.

Junto a 
@dariovherrera
 en el Ministerio de Desarrollo Urbano y Vivienda vamos a construir hogares para miles de familias. Garantizaremos viviendas dignas a través de una gestión eficiente y solidaria.

#EncontrémonosPorLaVivienda",184,299,1.3K
Sebastián Palacios ,5-May,"La transformación del deporte ecuatoriano está por llegar. 

Juntos vamos a lograrlo  

#EncontrémonosPorElDeporte",68,104,662
Guillermo Lasso,5-May,"El deporte es vida, salud y bienestar. 


@SebasPalaciosSP
 acompañará a los deportistas desde el Ministerio del Deporte para que cumplan con sus metas y objetivos. El talento deportivo en Ecuador tiene un gran potencial y recibirá todo nuestro apoyo. 

#EncontrémonosPorElDeporte",117,189,1K
Guillermo Lasso,4-May,"La protección social, la inclusión económica y la lucha contra el hambre y la desnutrición infantil son ejes centrales en los planes, programas y proyectos para el MIES. 

Junto a 
@maemontanov
, mejoraremos las condiciones de vida en Ecuador. 

#EncontrémonosPorLaInclusión",241,399,1.8K
Guillermo Lasso,3-May,"Somos un país creativo con gran riqueza artística y cultural. 

Desde el Ministerio de Cultura y Patrimonio, con 
@MaElenaMachucaM
 daremos apoyo para crear oportunidades de bienestar y que el talento de cada ecuatoriano sea debidamente recompensado.  

#EncontrémonosPorLaCultura",93,178,850
María Elena Machuca,3-May,"Presidente 
@LassoGuillermo
 el camino está trazado.

Nuestra riqueza cultural y patrimonial es motivo de orgullo para todo el Ecuador.

Y con ese orgullo nos volveremos a mostrar al mundo.

#EncontrémosPorLaCultura ",40,87,428
Guillermo Lasso,3-May,"Con 
@MaElenaMachucaM
 en el Ministerio de Cultura y Patrimonio nos enfocaremos en:

 Crear el Sistema Nacional de Impulso Creativo 
 La promoción y mejora de incentivos tributarios  
 Apoyo integral para la reactivación de la economía naranja

#EncontrémonosPorLaCultura",62,158,764
Guillermo Lasso,3-May,En el Día Mundial de la #LibertadDePrensa saludo a todos los periodistas ecuatorianos por su magnífica labor y servicio a la verdad. Hoy también recordamos a quienes perdieron la vida ejerciendo su profesión. Que en paz descansen.,182,456,2.9K
Guillermo Lasso,27-Apr,"La función pública nos llama a ser ejemplares, a conversar abiertamente con la ciudadanía y a incluir sus ideas y propuestas. En este gobierno, la transparencia y la profunda vocación de servicio regirán el trabajo. 

¡Este es el Ecuador del encuentro! ",316,363,2.4K
Guillermo Lasso,27-Apr,"El Ecuador del encuentro es una nueva forma de hacer política, una que escucha y pone al ciudadano en el centro del servicio público. ",188,218,1.3K
Guillermo Lasso,26-Apr,"Los Ministros del Frente Social 

https://vm.tiktok.com/ZMeCkKcNt/",326,552,3.3K
Guillermo Lasso,26-Apr,"Agradezco al Presidente 
@EmmanuelMacron
 por sus buenos deseos para el Ecuador. Fortaleceremos la cooperación con Francia a través de una visión de desarrollo, bienestar y prosperidad. Celebro este compromiso de robustecer nuestra relación bilateral. 

",133,679,4.7K
Mae Montaño,26-Apr,"Emocionada y honrada de poder continuar con mi trabajo por los sectores más necesitados, ahora desde el ministerio 
@InclusionEc
.
Mi compromiso inquebrantable por un Ecuador inclusivo con mejores condiciones económicas y sociales para todos. #EcuadorDelEncuentro
#CambioCiudadano",1K,1.1K,8.8K
Guillermo Lasso,26-Apr,Fe de erratas: Jesús Fichamba fue intérprete de dicho tema musical.,33,51,773
Bernarda Ordóñez Moscoso,26-Apr,"Gracias Pdte. 
@LassoGuillermo
 por la confianza que me brinda como Secretaria 
@DDHH_Ec
. Asumo con responsabilidad el compromiso de trabajar por un país donde se respeten y garanticen los derechos.

Mujeres y jóvenes demostraremos que podemos contribuir al desarrollo del Ecuador",530,786,6.8K
Sebastián Palacios ,26-Apr,"Como deportista, sé lo que significa prepararse para enfrentar un nuevo reto. Asumo con humildad este desafío, y prometo como siempre, dejarlo todo en la cancha!

Gracias 
@LassoGuillermo
 por la confianza. 

#EcuadorEsDeporte ",586,811,7.8K
Movimiento Cambio Ciudadano,26-Apr,"Mae Montaño, nueva Ministra de Inclusión Económica y Social... en nuestra líder vemos a una servidora por naturaleza, íntegra, solidaria y eficiente.

Un gran acierto para 
@InclusionEc
, un ministerio decisivo en la transformación hacia el #EcuadorDelEcuentro #CambioCiudadano",207,500,2.6K
Guillermo Lasso,26-Apr,"En breve estaremos en Contacto Directo, de 
@ecuavisa
, junto a 
@ESTEFANIESPIN
 y 
@LeninArtieda
. Primera entrevista en televisión nacional como Presidente Electo.",41,134,1K
Guillermo Lasso,25-Apr,"Nuestras más sinceras condolencias a los familiares y seres queridos de José Vásquez por esta dolorosa pérdida, fue un gran líder del Movimiento Acción Democrática Ecuatoriana y defensor de la democracia. Que descanse en paz.",36,112,876
Guillermo Lasso,25-Apr,El Ecuador se ha vuelto más atractivo para el mundo. Seguiremos el camino que nos permita atraer inversión y generar empleos. ,340,741,3.8K
Guillermo Lasso,24-Apr,"La unidad en la diversidad es el camino para lograr un país con oportunidades, bienestar y seguridad. 

¡Sigamos encontrándonos por el futuro del Ecuador! ",245,415,2.6K
Guillermo Lasso,24-Apr,"La reactivación del agro es fundamental. El PLAN EQUIDAD RURAL busca:

 Acceso a créditos, programas de capacitación y asistencia técnica 
 Riego parcelario y semillas gratuitas 
 Salud, educación y vivienda
 Apoyo integral para aumentar la competitividad",237,497,2.3K
Guillermo Lasso,23-Apr,"Gracias 
@SecBlinken
 por su compromiso con la prosperidad y el bienestar del pueblo ecuatoriano. La cooperación entre nuestros países es fundamental para el desarrollo de la región. Estados Unidos y Ecuador trabajarán en conjunto para fortalecer sus relaciones.",40,118,924
Guillermo Lasso,23-Apr,"Thank you 
@SecBlinken
 for your commitment to the prosperity and well-being of the Ecuadorian people. Cooperation between our countries is essential for the development of the region. The United States and Ecuador will work together to strengthen their relations.",102,477,2.8K
Guillermo Lasso,23-Apr,"Ganó el Ecuador, la democracia, la libertad y las oportunidades.

Nos espera un gran futuro. Debemos trabajar de la mano, juntos, para salir adelante. El cambio real empieza por nosotros. ",225,540,3.1K
Guillermo Lasso,23-Apr,"Felicidades a los habitantes de El Oro, son 137 años de Provincialización. 

Tienen mi compromiso de trabajar en el desarrollo local, la reactivación económica y la prosperidad de toda la provincia. Saludos. ",170,466,3.7K
Guillermo Lasso,23-Apr,"Bolívar cumple 137 años de Fundación. 

Un saludo fraterno a todas sus familias en este maravilloso día. Juntos haremos de Bolívar una provincia próspera, con empleo, salud y oportunidades de bienestar para todos.",47,174,1.3K
Guillermo Lasso,20-Apr,"En esta primera visita, 
@MLAlcivar
 dialogó con la Primera Dama de Colombia María Juliana Ruiz, quien lidera proyectos sociales que benefician a niños y jóvenes colombianos. Estamos tomando como referencia las buenas prácticas del país para aplicarlas en Ecuador.",181,522,3.5K
Guillermo Lasso,20-Apr,"◦ La integración de América Latina
◦ Protección ambiental (cuidado de biodiversidad y ecosistemas, lucha contra la pesca ilegal)
◦ La necesidad de un trabajo coordinado para el abastecimiento y la distribución de vacunas contra el COVID-19 en la región 

",69,301,1.8K
Guillermo Lasso,20-Apr,"Puntos importantes de la reunión con el Presidente 
@IvanDuque
. 

◦ Ingreso de Ecuador a la Alianza del Pacífico 
◦ Libre comercio, apertura económica y movilidad 
◦ Cooperación en materia de seguridad para luchar contra el narcotráfico y el crimen transnacional",327,1.3K,5.6K
Guillermo Lasso,20-Apr,"Encuentro con el Presidente 
@IvanDuque
 en la Casa de Nariño. 

FB: https://facebook.com/LassoGuillermo/posts/5410994148941784…
YT:",26,108,668
Iván Duque ,20-Apr,"#AEstaHora recibimos en la Casa de Nariño al Presidente Electo de #Ecuador, 
@LassoGuillermo
, con quien nos reuniremos para trazar la hoja de ruta de nuestras relaciones bilaterales; nos une la hermandad y objetivos comunes en comercio, seguridad, migración y multilateralismo.",417,1.1K,5.1K
Guillermo Lasso,20-Apr,"Agradezco la bienvenida en la Casa de Nariño y la disposición a fortalecer las relaciones entre nuestros países. Es motivo de celebración para colombianos, ecuatorianos y América Latina este encuentro que logrará un verdadero cambio.",29,189,1.2K
Guillermo Lasso,20-Apr,"A Colombia y Ecuador los une la democracia, la libertad, la igualdad de oportunidades y la seguridad. La cooperación es fundamental para el desarrollo de la región. Con el Presidente 
@IvanDuque
 trazaremos una hoja de ruta que guiará el trabajo durante nuestra gestión.",74,372,2.3K
Guillermo Lasso,20-Apr,"Acabamos de llegar a Bogotá. Nuestra siguiente parada es la Casa de Nariño para el primer encuentro con el Presidente 
@IvanDuque
. Temas importantes: seguridad, comercio y cooperación bilateral.",397,1.2K,8.4K
Guillermo Lasso,19-Apr,"Me siento con mucho optimismo. Sé que hemos pasado momentos difíciles como país, pero los ecuatorianos demostramos una y otra vez que trabajando juntos podemos salir adelante. Vienen mejores días, llenos de esperanza, crecimiento y bienestar para todos.

El cambio ya llegó. ",324,623,4.6K
Guillermo Lasso,15-Apr,"En el #DíaMundialDelArte agradezco a todos los artistas que con sus canciones nos alegraron, a los profesionales que aportaron a las propuestas de economía naranja y a las iniciativas ciudadanas que a través del arte y la cultura se unieron al Ecuador del ENCUENTRO. ",64,275,2.4K
Guillermo Lasso,15-Apr,Gracias por su apoyo. No los voy a defraudar. ,824,1.4K,10.3K
Guillermo Lasso,14-Apr,"Nuestro Gobierno respaldará la visión de cada ecuatoriano. 

Desde ya estamos trabajando por el desarrollo, la apertura al mundo y la generación de empleo para el progreso de todas las familias. ",252,517,3.3K
Guillermo Lasso,14-Apr,El Ecuador no es un país quebrado:,238,1K,5.4K
Guillermo Lasso,14-Apr,"Gracias a la Unión Europea por su apertura y mensaje de unión. Fortaleceremos las relaciones y trabajaremos en conjunto por la libertad, el desarrollo y la igualdad de oportunidades.",121,625,4.4K
Guillermo Lasso,13-Apr,"La familia y los seres queridos son nuestros principales pilares de apoyo en la vida. Agradezco que hoy la mía me haya acompañado en esta entrevista en 
@CNNEE
 junto a 
@soyfdelrincon
.

Espero que la hayan disfrutado, les mando un fuerte abrazo. ",255,1K,8.5K
Guillermo Lasso,13-Apr,"Nuestro proyecto de reforma tributaria tiene como objetivo eliminar impuestos para reactivar los sectores productivos del Ecuador. Quiero ser claro: es fundamental rechazar la evasión fiscal. 

: 
@CNNEE
.",228,842,5.5K
Guillermo Lasso,13-Apr,"Vamos a lograr un crecimiento económico importante que genere empleo, impulse emprendimientos de mujeres y jóvenes, y apoye al progreso del campo y las ciudades. Todos debemos contribuir para sacar adelante al Ecuador.

: 
@CNNEE
.",661,1.6K,13.7K
CNN en Español,13-Apr,"  
@LassoGuillermo
:  ""En el Ecuador no habrá impunidad. No habrá política de persecución. No llego con una lista de personas a las que quiero ver en la cárcel, pero el Poder Judicial tiene el deber de actuar""  |  
@soyfdelrincon
 #ConcluLASSO",65,593,2.6K
Ana María Cañizares,13-Apr," AHORA: 

El presidente electo, Guillermo Lasso, en 
@CNNEE
 con 
@soyfdelrincon
. 

Lo acompañan su esposa 
@MLAlcivar
 y sus hijos.",52,291,2.2K
Guillermo Lasso,13-Apr,"Hoy a las 21h00 los invito a acompañarme en una entrevista en 
@CNNEE
 junto a 
@soyfdelrincon
.

Les comparto los links para que puedan unirse desde mis redes sociales. 

FB: https://facebook.com/LassoGuillermo/videos/372411333930715/…
YT: https://youtu.be/gR2-P2W2uno",100,361,1.8K
Guillermo Lasso,12-Apr,"Los invito a ser parte de esta rueda de prensa en Quito desde mis redes sociales. ¡Nos vemos a las 16h00! 

Sigamos encontrándonos por Ecuador. 

FB: https://facebook.com/LassoGuillermo/videos/874025536495300/…
YT: https://youtu.be/BLkLz8O1-G8

#JuntosLoLogramos",88,391,2.3K
Guillermo Lasso,12-Apr,"Gracias por su mensaje Presidente 
@DrGiammattei
. Seguiremos fortaleciendo las relaciones de amistad entre Guatemala y Ecuador con entusiasmo y determinación. ",63,179,1.8K
Guillermo Lasso,12-Apr,"Gracias por los buenos deseos 
@rabascallcarlos
. Este triunfo es por todas las familias ecuatorianas y su bienestar. En el Ecuador del encuentro ganamos todos.",109,230,2.4K
Guillermo Lasso,12-Apr,"Gracias 
@xhervas
. Empieza una nueva etapa para Ecuador, en la que todas y todos podamos vivir mejor. Ganaron la democracia, la libertad y las familias ecuatorianas.",106,589,5.4K
Guillermo Lasso,12-Apr,"Gracias, Presidente 
@MaritoAbdo
. Sigamos fortaleciendo las relaciones de nuestros países con determinación y liderazgo. Un saludo.",51,172,1.7K
Guillermo Lasso,12-Apr,"Muchas gracias Presidente 
@sanchezcastejon
 por sus palabras. Ecuador y España continuarán siendo grandes aliados para superar los desafíos y las crisis que enfrentamos. Un saludo.",49,222,2.2K
Guillermo Lasso,12-Apr,"Felicito a Cuenca y a todos los cuencanos por 464 años de Fundación. Les mando un fuerte abrazo y ratifico mi compromiso con el desarrollo local, la reactivación económica, la protección de derechos y un futuro con oportunidades para la ciudad.

¡QUE VIVA CUENCA!",466,1.8K,20.5K
Guillermo Lasso,12-Apr,"Nos escuchamos y reafirmamos que podemos ser un solo Ecuador.

Trabajaremos juntos desde ya por el verdadero cambio. Hoy amanecemos en paz y con la certeza de que vienen mejores días para todos. Seré el Presidente de los 17 millones de ecuatorianos. ",294,1.2K,6.4K
Guillermo Lasso,11-Apr,"Muchas gracias Presidente 
@luisabinader
 por su mensaje y compromiso con fortalecer la relación entre República Dominicana y Ecuador. Este es el momento de impulsar el desarrollo de la región y de nuestros países. ¡Juntos lo lograremos!",83,706,5.5K
Guillermo Lasso,11-Apr,"Gracias 
@Almagro_OEA2015
. La cooperación internacional es fundamental para el avance de la democracia en América Latina. Será un honor poder servir a los ecuatorianos.",61,572,4K
Guillermo Lasso,11-Apr,"Muchas gracias 
@jguaido
 por sus buenos deseos. Hoy es un gran día para la libertad en toda la región. Los venezolanos tienen todo nuestro respaldo para recuperar la democracia y nuestro compromiso de aliviar la crisis humanitaria que enfrentan en el mundo.",707,4.1K,16.3K
Guillermo Lasso,11-Apr,"Le agradezco sus palabras Presidente 
@NitoCortizo
. Panamá y Ecuador fortalecerán sus relaciones trabajando de la mano por el progreso de nuestra región. Un saludo a todas las familias panameñas. ",40,511,4.4K
Guillermo Lasso,11-Apr,"Todos aspiramos a un Ecuador con oportunidades, libre y democrático, donde cada familia pueda prosperar.

¡HOY LO VAMOS A LOGRAR! 

#EncontrémonosPorEcuador
#LassoPresidente2021",155,808,4.2K
Guillermo Lasso,11-Apr,"Por un Ecuador unido, donde se respeten las diferencias y se trabaje por el bienestar de las familias ecuatorianas, hoy más que nunca debemos encontrarnos por un verdadero cambio. 

ENCONTRÉMONOS PARA LOGRARLO. 

#EncontrémonosPorEcuador
#LassoPresidente2021",76,484,2.3K
Guillermo Lasso,11-Apr,"Estos 11 años, cada encuentro, recorrido y conversación, todas las propuestas que construimos juntos y la lucha diaria por un mejor país, son por ustedes.

¡GRACIAS! Estoy eternamente agradecido por su apoyo. EL CAMBIO VIENE. 

#EncontrémonosPorEcuador
#LassoPresidente2021",408,1.8K,9.9K
Guillermo Lasso,11-Apr,"Quiero un futuro digno para los ecuatorianos y que todos sus sueños se hagan realidad.

Por eso hoy y siempre los invito a encontrarnos en el camino hacia un Ecuador con bienestar, seguridad y felicidad. 

#EncontrémonosPorEcuador
#LassoPresidente2021",193,1K,4.7K
Guillermo Lasso,11-Apr,"Con tu voto, lograremos el ECUADOR DEL ENCUENTRO. 

Gracias a nuestros voluntarios a nivel nacional, a todos los sectores de la sociedad civil y a cada familia ecuatoriana por su respaldo.

Hoy nos encontramos por el país. 

#EncontrémonosPorEcuador
#LassoPresidente2021",411,1.9K,8.1K
Guillermo Lasso,11-Apr,"Todos los logros de mi vida significan muy poco comparados con el honor de servirlos. 

HOY ES EL GRAN DÍA, ¡juntos podemos más! 

#EncontrémonosPorEcuador",266,1.2K,5.1K
Guillermo Lasso,10-Apr,"Gracias por darme la oportunidad de construir el Ecuador del encuentro. 

#JuntosLoEstamosLogrando 
#EncontrémonosParaLograrlo",682,2.4K,11.9K
Guillermo Lasso,7-Apr,"Mi padre y la vida me enseñaron a querer y a estar agradecido con Quito. 

Este es mi mensaje a la ciudad y a todo el Ecuador a pocos días de las elecciones.

#JuntosLoEstamosLogrando
#EncontrémonosParaLograrlo",324,1.2K,4K
Guillermo Lasso,7-Apr,"Por las calles de Quito y en todo el Ecuador, la gente festeja porque el 11 de abril EL CAMBIO ES IMPARABLE. 

Este domingo, el futuro del país está en tus manos. Tu voto cambiará la historia y logrará que salgamos adelante. ¡SIN MIEDO A LOGRARLO!

#JuntosLoEstamosLogrando",303,920,3.8K
Guillermo Lasso,7-Apr,"Esta elección se trata del Ecuador, de tu futuro y el de tu familia. Con mucho entusiasmo, el domingo 11 de abril vamos a cambiar la historia juntos. ¡Cuento con ustedes! 

#JuntosLoEstamosLogrando",124,606,2.2K
Guillermo Lasso,7-Apr,"Hace más de una década inicié este camino en El Quinche. Tenía un solo sueño: un proyecto nacional que recoja las necesidades de todos los ecuatorianos. Hoy puedo decir que #JuntosLoEstamosLogrando. 

Fue un honor encontrarme con sus habitantes. 

 #1: 2010 
 #2: 2021",144,737,3.4K
Guillermo Lasso,7-Apr,"Vamos a caminar hacia el futuro, a un Ecuador con seguridad, bienestar y libertad. 

Necesitamos tu voto para lograrlo. 

#JuntosLoEstamosLogrando",160,673,2.5K
Guillermo Lasso,7-Apr,"Me mueve el deseo de servirlos. Entré a la política para servir y construir unidos un mejor Ecuador. Este 11 de Abril, lo vamos a lograr.

#JuntosLoEstamosLogrando",233,952,3.5K
Guillermo Lasso,7-Apr,"Gracias a todos los ecuatorianos por ser parte de este gran encuentro. Estamos a un paso de convertir a nuestro país en una tierra de oportunidades para todos.

¡JUNTOS LO ESTAMOS LOGRANDO! 

#JuntosLoEstamosLogrando",78,294,1.2K
Guillermo Lasso,7-Apr,"El Ecuador nos necesita unidos para enfrentar el futuro con optimismo, decisión y voluntad. Este 11 de Abril empezamos el camino hacia un mejor país. 

Tu voto es el instrumento más poderoso para lograr un verdadero cambio. 

#JuntosLoEstamosLogrando",109,524,1.9K
Guillermo Lasso,7-Apr,"Es 4 días vamos a lograr juntos el Ecuador del encuentro. 

#JuntosLoEstamosLogrando",395,1.2K,5.9K
Guillermo Lasso,4-Apr,"De todo corazón y de la manera más humilde, les pido que este 11 de Abril me den la oportunidad de demostrar que puedo servirles a ustedes y dar a las futuras generaciones un mejor país del que nosotros recibimos. 

#JuntosLoEstamosLogrando
#EncontrémonosParaLograrlo",1.4K,3.1K,9.3K
Guillermo Lasso,4-Apr,"Hemos demostrado que trabajando juntos se puede lograr un verdadero cambio. Cada día más ecuatorianos se suman a nuestro proyecto. Ese es el encuentro que buscamos. 

Dejemos el odio y las mentiras atrás. Caminemos hacia un Ecuador unido y de paz. 

#JuntosLoEstamosLogrando",360,1.4K,4.3K
Guillermo Lasso,4-Apr,"Mi compromiso con 
@alambiente_ec
, colectivo que promueve los derechos humanos y de la naturaleza, es impulsar el desarrollo y la protección del ambiente con una agenda sostenible. 

Nuestro encuentro pueden verlo en: https://facebook.com/frente.al.ambiente/posts/138434821551966…

#JuntosLoEstamosLogrando",131,870,2.9K
Guillermo Lasso,4-Apr,"A los agricultores y ganaderos: en nuestro gobierno, nos dedicaremos al desarrollo del campo y la ruralidad. ¡Gracias por su apoyo! Cuenten con nosotros. 

#EncontrémonosParaLograrlo",121,555,1.8K
Guillermo Lasso,4-Apr,"Los ecuatorianos siempre tendrán en mí un punto de apoyo. Estamos logrando el Ecuador del encuentro. 

#EncontrémonosParaLograrlo ",175,810,3.2K
Guillermo Lasso,4-Apr,"Impulsaremos la rehabilitación y construcción de caminos vecinales, y proyectos de agua potable y alcantarillado para beneficiar a miles de familias. 

Encontrémonos por un Ecuador unido. 

#EncontrémonosParaLograrlo",99,489,1.6K
Guillermo Lasso,4-Apr,"Estamos a una semana de cambiar la historia del Ecuador y darle el cambio positivo que el país necesita. 

#EncontrémonosParaLograrlo ",355,1.2K,4.8K
Guillermo Lasso,2-Apr,"Encontrémonos para hacer del Ecuador un destino verde impulsando el turismo 100% sostenible, la justicia ambiental y el respeto a los derechos de la naturaleza.

¡Juntos podemos lograrlo! 

#EncontrémonosParaLograrlo",92,389,1.3K
Guillermo Lasso,2-Apr,"En el Chimborazo con mi esposa. 

Gracias por creer en nosotros, el cambio está cerca. ¡Lo estamos logrando! 

#EncontrémonosParaLograrlo",1K,1.4K,9.8K
Guillermo Lasso,1-Apr,"¡GRACIAS RIOBAMBA! 

Chimborazo va por el encuentro entre ecuatorianos y un país unido en la diversidad. Necesitamos de ti para construir un Ecuador con empleo, bienestar y oportunidades. Estamos cada vez más cerca de lograrlo. 

#EncontrémonosParaLograrlo",178,730,3.1K
Guillermo Lasso,1-Apr,"¡Tercera provincia del día! Visitamos Chimborazo para conversar con familias de Colta. Así se fortalece el Ecuador del encuentro. 

Siempre estaré agradecido de compartir con ustedes este camino hacia un mejor país. Lo vamos a lograr. 

#EncontrémonosParaLograrlo",147,567,2.4K
Guillermo Lasso,1-Apr,"Arrancamos en Bolívar. 

El Ecuador del encuentro se enriquece con las propuestas de las comunidades que sueñan con equidad rural, agua potable, vivienda, empleo, salud y educación para todas las familias de la provincia.

En 10 días, #EncontrémonosParaLograrlo. ",136,484,2.1K
Guillermo Lasso,1-Apr,"Si nos unimos en una sola fuerza, lograremos el Ecuador que todos queremos.

Falta poco, cuento contigo. 

#EncontrémonosParaLograrlo ",652,1.8K,6.4K
Guillermo Lasso,1-Apr,"Muchas gracias a los recicladores, al colectivo Frente Al Ambiente, organizaciones de la sociedad civil y a los vecinos de Solanda por entregarnos sus propuestas para lograr bienestar. 

De eso se trata el Ecuador del encuentro, de trabajar unidos. 

#EncontrémonosParaLograrlo",114,430,1.8K
Guillermo Lasso,31-Mar,"Es urgente un Ecuador con respeto a la diversidad, un país donde todos vivan seguros. 

Lucharemos por la igualdad de oportunidades para la población trans y los ecuatorianos LGBTIQ+ en el trabajo, en centros educativos, en el campo y las ciudades. 

#DíaDeLaVisibilidadTrans",484,985,2.6K
Guillermo Lasso,30-Mar,"Es hora de dejar las diferencias en el pasado. Es hora de juntos, sacar al país adelante. 

#EncontrémonosParaLograrlo ",408,1.4K,4.7K
Guillermo Lasso,30-Mar,"Ahora llevamos nuestro mensaje a Imbabura. 

Artesanos, comerciantes, agricultores, ganaderos y familias enteras nos acompañaron en este gran encuentro por el desarrollo de su provincia. ¡Estamos con ustedes! Vamos por oportunidades para todos.

#EncontrémonosParaLograrlo",94,469,1.8K
Guillermo Lasso,30-Mar,"Encontrémonos para que los jóvenes accedan a una educación de calidad y tengan la libertad de estudiar la carrera que ellos quieran. 

Con tu apoyo, lo vamos a lograr.

#EncontrémonosParaLograrlo",89,352,1.2K
Guillermo Lasso,30-Mar,"¡GRACIAS CARCHI!

Qué maravilloso es poder encontrarme con ecuatorianos en todo el país. Mi agradecimiento a los sectores productivos de Tulcán por su apertura a conversar de propuestas que aumentarán su competitividad y reactivarán la economía. 

#EncontrémonosParaLograrlo",120,464,2K
Guillermo Enrique Lasso ,30-Mar,"Lo de los cárteles en Quito no es de la campaña de 
@LassoGuillermo
, su campaña se trata del Encuentro de todos los Ecuatorianos. Si es alguien que quiere ayudar, esa no es la manera, no está bien. Y si es campaña sucia, no lo sé, pero conociéndolos no se puede descartar.",428,985,3.1K
Alfredo Borrero,29-Mar,Estuvimos en Bolívar realizando brigadas médicas. #EncontrémonosPorLaSalud,57,307,1K
Guillermo Lasso,30-Mar,"Tendremos escuelas rurales equipadas con nuevas tecnologías. Vamos a promover la innovación en la educación de los niños y jóvenes. 

¡Juntos lo haremos posible! Necesitamos de ti para lograrlo.

#EncontrémonosParaLograrlo",216,525,1.7K
Guillermo Lasso,29-Mar,"Hoy estuvimos de Michelasso en Guayaquil con jóvenes y luego en un conversatorio con más de 700 estudiantes por zoom. 

¡Seguimos encontrándonos por el emprendimiento y la educación! 

#EncontrémonosParaLograrlo",199,430,2.1K
Guillermo Lasso,28-Mar,"Vamos a trabajar juntos por el bienestar de la Amazonía.

¡Seguimos recorriendo la región para encontrarnos por un mejor Ecuador!

#EncontrémonosPorLaAmazonía",118,449,1.5K
Guillermo Lasso,28-Mar,"Vamos a potenciar la investigación desde las universidades públicas: el Internet de las cosas, Big Data, Inteligencia Artificial, Blockchain y otros adelantos tecnológicos serán parte de nuestra política educativa pública. 

#EncontrémonosParaLograrlo",670,1.2K,4.8K
Guillermo Lasso,28-Mar,"Llegamos a Puyo, capital de Pastaza. 

Tuvimos un gran recibimiento de las comunidades con música, bailes y conversación sobre la Amazonía. Es urgente apoyo integral en educación, salud, seguridad, empleo y oportunidades para los amazónicos. 

#EncontrémonosPorLaAmazonía",115,452,1.9K
Guillermo Lasso,28-Mar,"Hoy a las 22h30 los invito a ver un especial en 
@Hora25Ec
 con emprendedores. Nos encontramos por el empleo, el emprendimiento y la innovación.

Los espero. 

FB: https://facebook.com/LassoGuillermo/posts/5284369878270879…
YT: https://youtu.be/HJ5w7v86yfg

#EncontrémonosParaLograrlo",115,343,1K
Guillermo Lasso,28-Mar,"El camino hacia un Ecuador verde empieza por la protección de la Amazonía, las comunidades y la naturaleza. 

ENCONTRÉMONOS PARA LOGRARLO. 

#EncontrémonosPorLaAmazonía",100,462,1.7K
Guillermo Lasso,27-Mar,"3 provincias en 1 día. 

Nuestro último encuentro del día fue en Tena, capital de Napo. Gracias a las comunidades de la región por recibirnos con tanto entusiasmo. El compromiso es firme: bienestar, seguridad y cambio para la Amazonía. 

#EncontrémononosParaLograrlo",225,606,2.6K
Guillermo Lasso,27-Mar,"Ecuador será moderno, verde y sustentable. Hay todo un mundo de oportunidades que debemos aprovechar, desde agricultura limpia hasta economía circular.

Encontrémonos por la protección a la naturaleza. 

#EncontrémonosParaLograrlo",176,622,2K
Guillermo Lasso,27-Mar,"¡Qué gran día en la Amazonía! 

Ahora estamos en Orellana compartiendo con familias de El Coca. Muy agradecido de compartir este sábado con comunidades de la región. 

#EncontrémonosPorLaAmazonía",260,775,3.1K
Guillermo Lasso,27-Mar,"¡Sábado recorriendo la Amazonía!

Arrancamos en Sucumbíos con madres y padres, jóvenes y adultos mayores. Aquí es urgente crear políticas públicas para: 

 Proteger a comunidades y la naturaleza
 Educación, salud y seguridad
 Crear empleo

#EncontremonosPorLaAmazonía",183,525,2.1K
Guillermo Lasso,25-Mar,"2 policías para 3 parroquias rurales es indignante. Miles de familias están desprotegidas ante un Estado ausente.

Apoyaremos a la ruralidad con unidades de policía. La seguridad de los ecuatorianos es nuestra prioridad. 

#EncontrémonosParaLograrlo",85,362,1K
Guillermo Lasso,25-Mar,"Desde la noche del debate están subidos todos los documentos para que los leas Andrés, esperamos no los manipules, ni hagas montajes.

https://guillermolasso.ec/andres-no-mientas-otra-vez/…

#AndrésNoMientasOtraVez",902,1.7K,4.9K
Guillermo Lasso,24-Mar,"También presentamos propuestas para los camaroneros que aumentarán la competitividad y productividad del sector. 

#EncontrémonosConLosCamaroneros 
#EncontrémonosParaLograrlo",54,155,561
Guillermo Lasso,24-Mar,"La labor de las mujeres en el sector camaronero es admirable, definitivamente son agentes del cambio. Hoy en El Oro escuchamos sus luchas diarias y conversamos de nuestras propuestas para ellas: trabajos bien remunerados, seguridad social, capacitaciones y apoyo integral. ",102,326,1.3K
Guillermo Lasso,24-Mar,"Gabriela, tu hija está orgullosa de ti. Te escuché y sé que lo das todo por ella. Mi compromiso es contigo y con todas las mujeres del país. 

Vamos a impulsar el emprendimiento, espacios de liderazgo, trabajos bien pagados y programas de capacitación.

#EncontrémonosParaLograrlo",153,345,1.1K
Guillermo Lasso,24-Mar,"En Puerto Bolívar nos encontramos junto a varios Alcaldes de El Oro, donde conversamos de creación de empleo, el futuro del agro y la reactivación económica.

Gracias por la apertura. Es necesario escucharnos por el bienestar de los orenses.  

#EncontrémonosParaLograrlo",96,335,1.3K
Guillermo Lasso,24-Mar,"La única reunión que he mantenido con Yaku Pérez fue pública, transparente y los únicos temas que tratamos fueron los que conocieron todos los ecuatorianos. Ese es el espíritu democrático de quienes queremos un verdadero cambio, diálogo y transparencia.",364,566,1.8K
Guillermo Lasso,24-Mar,"El Guabo es hogar de miles de agricultores en El Oro. Compartimos con bananeros el PLAN EQUIDAD RURAL, que ofrece al agro:

 Acceso a créditos baratos
 Asistencia técnica 
 Educación, salud, vivienda y seguridad 

Encontrémonos por más productos agrícolas competitivos. ",208,274,845
Guillermo Lasso,21-Mar,"Apoyaremos el ingreso inmediato de Ecuador a la Alianza del Pacífico y la suscripción de acuerdos comerciales con Estados Unidos, Japón, Corea del Sur y más países del mundo. 

La apertura económica es inversión y miles de empleos. 

#EncontrémonosParaLograrlo",150,854,3.3K
Guillermo Lasso,21-Mar,"Ellos crearon impuestos especiales para las provincias afectadas por el terremoto de 2016. ¿Dónde está ese dinero? Robado por la corrupción. 

#AndrésNoMientasOtraVez",231,1K,2.7K
Guillermo Lasso,21-Mar,"Encontrémonos para que los jóvenes estudien la carrera de su elección. 

¡LIBERTAD PARA ESTUDIAR! 

#EncontrémonosParaLograrlo",68,364,1.2K
Guillermo Lasso,21-Mar,"En educación superior priorizamos la libertad de estudiar, incrementar el presupuesto de las universidades en investigación y desarrollo, además de crear más cupos presenciales y el desarrollo de nuevas carreras EN LÍNEA.

#EncontrémonosParaLograrlo",87,600,2.4K
Guillermo Lasso,21-Mar,"¿Está claro quién quiere desdolarizar? Es Arauz.

Para recordar, su artículo.  

https://web.archive.org/web/20201122183702/https://dolarizacion.ec/2020/04/20/desdolarizacion-mala-y-desdolarizacion-buena/…",112,590,1.7K
Guillermo Lasso,21-Mar,"Como demócratas respetamos el Estado de derecho, las instituciones y la independencia de poderes. Promovemos la participación de todos y no de unos pocos. Junto a nosotros, habrá un gobierno con espacios para el encuentro entre ecuatorianos. 

#EncontrémonosParaLograrlo",81,571,2.1K
Guillermo Lasso,21-Mar,"#AndrésNoMientasOtraVez. Al igual que Moreno, TÚ eres el ahijado político de Correa.",425,2.1K,5.3K
Guillermo Lasso,21-Mar,"Junto a 
@SalvarVidasEc
 llevamos insumos médicos a 221 cantones del Ecuador.

Lo mismo haremos con la vacunación. Cumpliremos nuestra meta con una administración HONESTA y vacunas REALES. 

#EncontrémonosParaLograrlo",47,280,801
Guillermo Lasso,21-Mar,"El Agro sostiene la economía rural. El sector tiene todo nuestro apoyo para aumentar su productividad y competitividad. 

Estas son nuestras propuestas para lograr el bienestar de los agricultores ecuatorianos.  

#EncontrémonosParaLograrlo",50,248,749
Guillermo Lasso,21-Mar,"A mí me preocupa la economía de la familia ecuatoriana. Por eso impulsaremos: 

 El emprendimiento
 La dolarización
 La creación de empleos bien pagados
 La inversión local e internacional. 

#EncontrémonosParaLograrlo",129,758,2.6K
Guillermo Lasso,19-Mar,"Reitero mi posición de exigir transparencia y solidaridad en el proceso de vacunación. Nadie de mi familia, ni mi equipo de campaña se ha vacunado.",703,1.4K,3.7K
Guillermo Lasso,19-Mar,"Cuenten conmigo, trabajaremos todos unidos por ese Ecuador del encuentro, donde cada familia pueda avanzar, prosperar y cumplir sus sueños. 

#EncontrémonosParaLograrlo",137,401,1.4K
Guillermo Lasso,19-Mar,"Encontrémonos por ti, tu familia y el sueño de un Ecuador con bienestar, oportunidades y felicidad para todos. 

#EncontrémonosParaLograrlo",87,272,853
Guillermo Lasso,19-Mar,"Esta semana nos encontramos con jóvenes y comunidades que buscan un Ecuador diferente, un país que promueva el respeto y la unión. 

Muchas gracias por estos maravillosos encuentros en Pichincha, Cotopaxi, Tungurahua y Guayas. ¡Sigamos sumando! 

#EncontrémonosParaLograrlo",104,219,920
Guillermo Lasso,19-Mar,"La vacuna debe ser para los más vulnerables, en especial el personal en primera línea y los ecuatorianos con escasos recursos. La noticia de hoy es un golpe al país, condenamos toda forma de privilegio. Exigimos transparencia y solidaridad en la vacunación.",1.1K,1.2K,4.2K
La Posta Ec,19-Mar,¡Vuelan las #fakenews! 2 publicaciones más a la lista de #VacunadosGold que no pertenecen a la Posta.,92,312,478
Guillermo Lasso,19-Mar,Ninguna mujer debe ser sujeto de insultos y agresiones. Rechazo la violencia hacia la mujer en cualquier forma. Mi solidaridad con todas las mujeres que han sufrido violencia en la política y en todos los espacios.,526,448,1.9K
Guillermo Lasso,18-Mar,"Todos queremos construir ese camino hacia un Ecuador más unido y fuerte, donde todos nuestros sueños se hagan realidad.

#EncontrémonosParaLograrlo 

: ""Encontrarnos en la vida"" de 
@luzpinosmusic
, talento ecuatoriano.",382,1.9K,4K
Guillermo Lasso,18-Mar,"Dejemos en el pasado esa cultura de división y caminemos juntos hacia el encuentro entre ecuatorianos. 

#EncontrémonosParaLograrlo",159,426,1.4K
Guillermo Lasso,18-Mar,"Fondo Semilla es una iniciativa para impulsar el espíritu emprendedor de los ecuatorianos y apoyarlos a que inicien sus negocios. 

Crearemos empleos encontrándonos y ayudando a los emprendedores a lograr sus sueños. 

#EncontrémonosPorElEmprendimiento",145,299,966
Guillermo Lasso,17-Mar,"Hoy tuvimos una gran reunión de trabajo con la Junta de Gobierno de Tungurahua, presidida por el Prefecto Manuel Caizabanda, donde se plantearon estrategias para continuar impulsando el desarrollo de los 9 cantones y de las 44 parroquias. 

#EncontrémonosParaLograrlo",108,350,1.3K
Guillermo Lasso,17-Mar,"Encontrémonos por una salud 24/7, gratuita y de calidad para todos los ecuatorianos. 

¡Gran encuentro por la salud junto al Dr. 
@ABorreroVega
! 

#EncontrémonosParaLograrlo",88,217,732
Guillermo Lasso,17-Mar,"Encontrémonos por un Ecuador donde nos respetemos entre todos, para asumir una mayor conciencia y responsabilidad de que juntos podemos salir adelante. ",167,396,1.3K
Guillermo Lasso,17-Mar,"Con profundo pesar informamos de la irreparable pérdida de Milton Vera, un valioso miembro del equipo de 
@CREOEcuador
 en Pastaza, quien falleció en un accidente durante una caravana. Mis más sinceras condolencias a sus familiares, que Dios lo tenga en su gloria y descanse en paz.",103,142,703
Guillermo Lasso,17-Mar," Acceso a créditos baratos 
 Rehabilitar y construir institutos educativos 
 La protección de la naturaleza y fuentes hídricas 
 Hospitales y centros de salud 

Un saludo especial a las comunidades y gracias a las radios que se unieron hoy. 

#EncontrémonosPorLaAmazonía",58,141,625
Guillermo Lasso,17-Mar,"Mi solidaridad con la Amazonía, que se ha visto afectada por las lluvias e inundaciones, y las cenizas del volcán Sangay. En una cadena radial con todas las provincias de la región, nos encontramos por:

 Fortalecer la gestión de riesgos 
 La seguridad ante amenazas naturales",65,226,1K
Guillermo Lasso,16-Mar,"Hoy ha sido un día maravilloso, un día de reencuentro con una gran amiga, 
@maemontanov
, muy valiosa, ella y su movimiento Cambio Ciudadano apoyarán nuestra campaña para lograr ese Ecuador Libre y Democrático que todos aspiramos. ",230,549,2.9K
Guillermo Lasso,16-Mar,,58,284,820
Guillermo Lasso,12-Mar,"Nuestra primera parada en Cuenca fue un encuentro con pequeños ganaderos. Conversamos de precios justos, asistencia técnica y de cómo aumentar su competitividad. 

Hay que trabajar unidos para lograr el progreso del campo y sus habitantes. 

#EncontrémonosPorElCampo",105,274,1.1K
Guillermo Lasso,12-Mar,"Hoy conmemoramos 486 años de la fundación de Portoviejo y a su linda gente, que admiro mucho por su resiliencia. Mi mamá Nora era portovejense, una luchadora. En este día especial les mando un fuerte abrazo y reitero mi compromiso de lograr su bienestar.

¡QUE VIVA PORTOVIEJO!",161,375,2K
Guillermo Lasso,12-Mar,"El agro es un pilar de la economía rural. Por eso nos encontramos con Roberto, para escuchar sus problemas y lograr soluciones. 

Con apoyo integral lograremos el bienestar de los pequeños agricultores, aumentando su competitividad y productividad .",73,210,681
Guillermo Lasso,12-Mar,"¡Hoy nos vemos Cuenca!

Nos encontraremos por la ruralidad, el ambiente, el cuidado del agua, el empleo y el emprendimiento, y la defensa de los derechos de los animales. 

Nos espera un gran día junto a los cuencanos. ",110,286,1.3K
Guillermo Lasso,11-Mar,"Gracias a 
@Industriasgye
 por organizar este encuentro que nos permitió dialogar sobre las propuestas para reactivar la economía, impulsar el comercio, atraer inversión y generar empleo. 

Nuestra meta: un país de ciudadanos seguros, con trabajos bien pagados y bienestar. ",103,265,1.1K
Cámara de Industrias,11-Mar,"Hoy nos acompaña el candidato a la presidencia 
@LassoGuillermo
, quien dialoga con representantes del sector privado sobre sus propuestas de campaña.",26,106,408
Guillermo Lasso,11-Mar,"Hoy a las 17h00, #EncontrémonosPorLaRuralidad. 

FB: https://facebook.com/LassoGuillermo/posts/5206042899436911…",47,108,376
Guillermo Lasso,11-Mar,"Miles de familias han sido afectadas por las cenizas del Volcán Sangay. Mi solidaridad con ustedes, es imprescindible que nuestro país tenga un plan de riesgos sólido. En mi gobierno enfrentaremos con eficiencia las emergencias naturales y brindaremos apoyo integral.",132,294,1.3K
Guillermo Lasso,11-Mar,"Cada día que pasa es más vergonzoso la forma cómo se ha manejado el plan de vacunación del gobierno.

Exigimos publicar la lista de vacunados para darle transparencia a este proceso.",1.3K,1.6K,6.2K
Guillermo Lasso,11-Mar,"Encuentros como este enriquecen al país. Trabajo por un Ecuador con un campo próspero y con ciudadanos felices y seguros. Les comparto unas de las propuestas para las zonas rurales que conversamos hoy. 

ENCONTRÉMONOS PARA LOGRARLO. ",25,91,298
Guillermo Lasso,11-Mar,"Nos encontramos en Salitre con un pequeño grupo de campesinos, agricultores y ganaderos, para escucharnos y trabajar en educación, la productividad del sector agropecuario, acceso a créditos baratos y rehabilitación de carreteras y caminos vecinales. 

#EncontrémonosParaLograrlo",59,195,701
Guillermo Lasso,10-Mar,"Garantizaremos la transparencia y mecanismos de pago para las asignaciones presupuestarias, principalmente de los pequeños y medianos municipios. Asimismo, priorizaremos el pago de las deudas del Gobierno Nacional.",16,17,70
Guillermo Lasso,10-Mar,"Muchas gracias a 
@AMEcuador
 por facilitar este espacio para escuchar las necesidades principales de los 221 municipios: las deudas del Gobierno Nacional, los recortes presupuestarios, salud, seguridad, servicios básicos, entre otras.",51,173,803
Guillermo Lasso,10-Mar,"Es necesario escucharnos y encontrarnos para que cada ecuatoriano tenga un trabajo, genere sus propios ingresos y pueda vivir feliz. 

Construiremos un Ecuador que brinde empleo a todos sin excepción. 

#EncontrémonosParaEscucharnos",81,146,569
Red de Periodistas Libres #RPL,9-Mar,"#BuenasNoches | A las 20:00, miembros de la 
@RPLEC
 realizarán preguntas al candidato 
@LassoGuillermo
 de 
@CREOEcuador
. 

Mira esta #RuedaDePrensa por: #Twitter #FacebookLive y #YouTube de la #RPL",14,42,178
Guillermo Lasso,9-Mar,"Los agricultores y ganaderos crean oportunidades en el campo, ellos son los principales generadores de empleo. Encontrémonos por un Ecuador que impulse al sector agropecuario con propuestas de apoyo económico, seguridad social y asistencia. 

#EncontrémonosParaLograrlo",102,268,801
Guillermo Lasso,9-Mar,"Muchas gracias a los ganaderos que asistieron a este encuentro. Fue un gusto compartir con ustedes y trabajar en propuestas para fortalecer el sector. 

#EncontrémonosParaLograrlo",25,64,326
Guillermo Lasso,9-Mar,"Los ganaderos requieren atención y apoyo. Por eso hoy nos encontramos con la Asociación de Ganaderos de la Sierra y del Oriente, para escuchar sus necesidades en torno a la producción, el comercio y cómo aumentar su competitividad.

#EncontrémonosParaLograrlo",83,236,886
Guillermo Lasso,9-Mar,"Encontrémonos con las mujeres, para crear más espacios de participación y empoderamiento que promuevan su liderazgo. 

Las mujeres ya son líderes. Estas son unas de nuestras propuestas para que sigan cambiando el mundo. 

#EncontrémonosParaLograrlo",62,191,620
Guillermo Lasso,8-Mar,"Implementaremos mecanismos de protección, denuncia y socorro inmediato para las mujeres víctimas de violencia.

Vamos a crear una línea exclusiva para denunciar todo tipo de violencia contra las mujeres. Es hora de pasar de la indignación a la acción.

#EncontrémonosParaLograrlo",38,127,441
Guillermo Lasso,8-Mar,"Encontrémonos para luchar contra la violencia a las mujeres en cada espacio, desde sus casas hasta en la calle.
 
Restableceremos los Centros de Reparación Integral para víctimas de violencia, brindaremos ayuda psicológica y programas de reparación. 

#EncontrémonosParaLograrlo",48,161,515
Guillermo Lasso,8-Mar,"La cooperación internacional debe de tener un enfoque de apertura, de más comercio e inversión. Firmaremos acuerdos y tratados con países y regiones para levantar al Ecuador e integrarnos al mundo. 

#EncontrémonosParaLograrlo",31,107,417
Guillermo Lasso,8-Mar,"Hoy, en un encuentro con la Directiva del Honorable Cuerpo Diplomático del Ecuador, conversamos sobre las propuestas económicas, sociales e institucionales que fortalecerán las relaciones internacionales. 

Gracias por recibirnos. Mi prioridad es el bienestar de los ecuatorianos.",65,163,702
Guillermo Lasso,8-Mar,"Gracias a 
@WQRadio_Ec
 por la invitación a este programa especial con grandes periodistas ecuatorianas. Fue un gusto compartir esta mañana con María Josefa Coronel, Verónica Landetta, Blanca Chiquito, Belén Goncalvez y Mónica Orellana.

#EncontrémonosParaEscucharnos",50,128,442
Guillermo Lasso,8-Mar,"El Estado debe enfocarse en 3 pilares básicos para la lucha contra la violencia hacia las mujeres: prevenir, sancionar y reparar. Es fundamental el acompañamiento y combatir los estigmas en torno a la mujer agredida. 

: 
@WQRadio_Ec
.",60,232,937
Guillermo Lasso,8-Mar,"La violencia psicológica y física hacia las mujeres termina en femicidios. Hay que reconocer que la sociedad ecuatoriana es machista y el cambio empieza con la voluntad de un Presidente que se comprometa a garantizar los derechos de la mujer. 

: 
@WQRadio_Ec
.",67,239,1K
Guillermo Lasso,8-Mar,"Las propuestas nacen de la gente, de lo que uno escucha en cada rincón del Ecuador. Mi compromiso es contribuir a la lucha contra la desigualdad laboral e impulsar el emprendimiento, para que las mujeres gocen de independencia económica. 

: 
@WQRadio_Ec
.",45,157,603
Guillermo Lasso,8-Mar,"Ser madre no debe limitar la vida profesional. Tanto en el sector público como el privado, promoveremos guarderías con salas de lactancia para que las mujeres continúen con sus trabajos y cuidando a sus hijos. 

: 
@WQRadio_Ec
.",179,461,2.4K
Guillermo Lasso,8-Mar,"Encontrémonos para que nunca más las mujeres pierdan el sueño por la falta de trabajo. 

Abramos espacios en el mercado laboral y construyamos un Ecuador donde todas vivan empoderadas, tengan sus propios ingresos y sean independientes.

#EncontrémonosParaEscucharnos",46,159,453
María Josefa Coronel,8-Mar,"“Todos saben mi posición de defender la vida desde su concepción, y morirè pensando así pero no estoy de acuerdo con una legislación que condene a cárcel una mujer que aborte por violación. Sería terminar de dañarla .. “ dijo 
@LassoGuillermo
  en 
@WQRadio_EC",65,321,1.3K
AsíAmaneció,8-Mar,"Al aire: Periodistas ecuatorianas mujeres participan en programa especial por el #DiaDeLaMujer con el candidato presidencial ⁦
@LassoGuillermo
 por la 102.1fm ⁦
@WQRadio_EC
⁩",22,41,167
Guillermo Lasso,28-Feb,"Sin duda en parte de la sociedad ecuatoriana, yo incluido, aún existe mucho desconocimiento sobre la orientación sexual e identidad de género. Lo que sí tengo claro es que estigmatizar estas realidades ha causado dolor y violencia para las personas LGBTI+.",261,411,1.7K
Guillermo Lasso,28-Feb,"En el Día de las Enfermedades Raras, invito a crear conciencia, trabajar en políticas públicas e invertir en investigaciones de tratamientos que beneficien a los niños, jóvenes y adultos con enfermedades raras. Mi trabajo diario es por los pacientes, familiares y personal médico.",288,504,2.8K
Guillermo Lasso,27-Feb,"Galápagos tiene un gran potencial turístico, pero fue golpeada por la pandemia. Impulsaremos proyectos que reactiven el turismo, sean responsables con el medio ambiente y cuiden a la ciudadanía del COVID-19.

Gracias a quienes asistieron al encuentro . 

#ElEcuadorDelEncuentro",68,140,835
Guillermo Lasso,27-Feb,"Debemos proteger Galápagos . Promoveremos programas de conservación de medio ambiente, como reciclaje y limpieza del océano. Asimismo, lucharemos contra amenazas a la biodiversidad. 

¡Las propuestas medioambientales se fortalecen con los galapagueños!

#ElEcuadorDelEncuentro",119,270,1.4K
Guillermo Lasso,27-Feb,"Llegamos a Galápagos .

Hoy conversaremos con grupos medioambientales y compartiremos con simpatizantes en San Cristóbal, junto al Asambleísta electo Fredy Rojas . 

¡Gracias por el gran recibimiento!",151,384,2.3K
Guillermo Lasso,27-Feb,"La clave es conseguir la vacuna.

El Dr. 
@ABorreroVega
 se encuentra en una gira para iniciar el proceso que nos permitirá vacunar a 9 millones de ecuatorianos en los primeros 100 días de gobierno .",167,444,1.5K
Guillermo Lasso,27-Feb,"En un poco más de 24 horas llegamos a más de 100,000 seguidores y 2 millones de reproducciones. ¡GRACIAS! 

#LassoEnTikTok

https://vm.tiktok.com/ZMejeT7pr/",940,1K,6.5K
Guillermo Lasso,26-Feb,"Seré el Presidente de los 17 millones de ecuatorianos .

#ElEcuadorDelEncuentro es un país para conversar, construir y unir nuestras visiones por un mejor futuro .",260,560,2.3K
Guillermo Lasso,24-Feb,"Exigimos cárceles seguras y estrictamente controladas, con una mirada integral sobre prevención y rehabilitación.",304,502,1.9K
Guillermo Lasso,24-Feb,"A las 17h30 daré mis declaraciones sobre la crisis carcelaria en el país. 

FB: https://facebook.com/LassoGuillermo/posts/5129518943755974…

Los espero.",83,115,637
Guillermo Lasso,24-Feb,"La cárcel de Turi en Cuenca era regional y la hicieron nacional, arriesgando el sistema penitenciario. Es inaceptable la inacción del gobierno. Necesitamos un liderazgo firme, que libere a las cárceles del control del crimen organizado y las mafias.",134,248,1.4K
Guillermo Lasso,24-Feb,Me uno a la petición de no circular los videos sobre los amotinamientos. Hay familias que han sufrido pérdidas dolorosas y merecen el debido respeto. Mis más sinceras condolencias en estos momentos difíciles.,62,155,1.2K
Guillermo Lasso,24-Feb,"Lo sucedido en las cárceles de Cuenca, Latacunga y Guayaquil es lamentable. Es necesario reformar nuestro sistema penitenciario. Hay que establecer un enfoque de rehabilitación, que vele por la seguridad de las personas privadas de libertad, la Policía Nacional y los ciudadanos.",386,481,2.7K
Guillermo Lasso,23-Feb,Muchas gracias a quienes se conectaron al EN VIVO. Seguiremos teniendo más encuentros en nuestras redes sociales. Un abrazo.,41,39,351
Guillermo Lasso,23-Feb,"Hola, estamos EN VIVO en mi cuenta de Facebook, vayan y dejen sus preguntas con el hashtag #PuntoDeEncuentro . 

FB: https://facebook.com/LassoGuillermo/videos/230615382090666/…

¡Los espero!",74,69,461
Guillermo Lasso,23-Feb,Durante nuestro Gobierno reformaremos el régimen penitenciario y carcelario para evitar el hacinamiento y cortar las conexiones con las mafias locales e internacionales.,283,261,1.4K
Guillermo Lasso,23-Feb,"Mi total respaldo con la 
@PoliciaEcuador
 ante la nueva crisis que se está sufriendo en la cárceles del país, fruto del hacinamiento y de la influencia del crimen organizado.",598,535,2.6K
Guillermo Lasso,23-Feb,"Felicito a la Señora Fiscal 
@DianaSalazarM2
 por el reconocimiento que recibió del Departamento de Estado de EEUU, por su lucha frontal y eficaz contra la corrupción.",1K,1K,5.1K
Guillermo Lasso,23-Feb,"Vamos a reducir el exceso de impuestos, atraer inversión, abrir la economía al mundo, garantizar los servicios básicos y promover la generación de empleo. Estamos listos para empezar el camino hacia el verdadero cambio. 

: 
@elcomerciocom
.",392,783,3.5K
Guillermo Lasso,23-Feb,"La vacunación debe ser el principal punto del programa económico de un futuro gobierno. Lo dije en primera vuelta. La salud de los ciudadanos ecuatorianos es el primer paso para prender el motor del país y reactivar la economía. 

: 
@elcomerciocom
.",63,230,999
Guillermo Lasso,23-Feb,"Los jóvenes buscan ser autónomos, quieren emprender y ellos generar empleo. En nuestro gobierno impulsaremos las iniciativas de emprendimiento de cada joven en Ecuador con menos trabas y más libertad. 

: 
@eluniversocom
.",90,215,987
Guillermo Lasso,23-Feb,"Mi campaña en primera vuelta se basó en el empleo, la lucha contra la corrupción, la salud y la seguridad ciudadana. Reconozco que hay causas que movieron el voto de los ecuatorianos que debemos incluir en nuestro Plan de Gobierno.

: 
@eluniversocom
.",198,311,1.7K
Guillermo Lasso,23-Feb,"En nuestro gobierno proponemos:

1. Reparación inmediata e incluirlas en el Programa de Víctimas y Testigos
2. Actuar con celeridad y aplicar máximas penas
3. Trabajar con la sociedad civil y ONG’s en planes de prevención, que luchen contra la violencia hacia las niñas y mujeres",93,167,741
Guillermo Lasso,23-Feb,"Cada niña y mujer tiene el derecho a vivir en paz, sin miedo y segura. Casos como el de Puerto Quito suceden todos los días en Ecuador. Hay que actuar y tomar medidas urgentes. El Estado tiene la responsabilidad de prevenir la violencia de género.",41,127,702
Guillermo Lasso,15-Feb,"Ratifico el mismo espíritu democrático y respetuoso. La mano sigue extendida. 

La unidad debe prevalecer. Con el Ecuador del encuentro ganamos todos.",500,1.3K,4.2K
Guillermo Lasso,14-Feb,Más claro no puede ser .,261,430,1.5K
Carlos Jijón,14-Feb,"No sé si exagero, pero me parece que un mínimo de coherencia y buena fe, mientras se ejecuta el acuerdo de reconteo, es que Yaku deje de insultar a Lasso.",98,298,1.2K
Santi Lasso ,14-Feb,"Dije que tendrían EMPATÍA, no INGENUIDAD.


@yakuperezg
 le hace fraude al acuerdo, y al Ecuador, enviando una carta PRIVADA al CNE, imponiendo condiciones no acordadas (qué provincias y actas abrir).

Parecen no buscar transparencia sino JUSTIFICAR SU DERROTA. Esto no es un juego.",145,496,1.4K
Guillermo Lasso,14-Feb,Son los votos de los ciudadanos y no las encuestas quienes deben determinar los candidatos que pasen a la segunda vuelta. El pueblo ya me escogió a mí y no a usted. Respete la voluntad popular.,346,487,2.6K
Guillermo Lasso,14-Feb,"Candidato 
@yakuperezg
, no voy a caer en sus provocaciones; la verificación contable solicitada por usted debe ser transparente y jamás obedecer a sus intentos de fraude y caos en la democracia.",165,401,2.3K
Guillermo Lasso,14-Feb,"Candidato Pérez, un proceso de diálogo no admite coerción contra las autoridades electorales como la denuncia planteada por usted ante la Fiscalía, intentando presionar para que hagan lo que usted desea y no lo que deben hacer por la transparencia. Eso no es jugar limpio.",32,182,983
Guillermo Lasso,14-Feb,"El recuento solicitado por usted no puede tener dedicatoria, no puede prestarse a la sospecha de fraude. Son las autoridades electorales las que tienen que escoger bajo un método aleatorio las mesas a verificar y no usted.",34,162,923
Guillermo Lasso,14-Feb,Resulta inoficioso y costoso en tiempo y recursos económicos verificar contablemente votos en provincias donde usted me ganó ampliamente y yo no las he objetado.,51,180,1K
Guillermo Lasso,14-Feb,"El acuerdo quedó en manos de la autoridad electoral para definir detalles de recintos y mesas sobre las que se realizaría la verificación contable de votos. En ningún caso se acordó que sería usted, como lo ha dicho en su carta el sáb. 13, quien escoja las mesas. No es correcto.",58,191,967
Guillermo Lasso,14-Feb,"Señor candidato 
@yakuperezg
 para mí la política no es un juego, es una permanente actitud de servicio a todos los ecuatorianos sin discriminación alguna.",785,1K,5.1K
Guillermo Lasso,14-Feb,"Hoy he presentado una carta a 
@DianaAtamaint
, presidenta del CNE, sobre el proceso de reconteo de votos acordado el viernes 12.

Les comparto el documento.",855,1K,2.5K
Guillermo Lasso,14-Feb,,88,160,2.2K
Movimiento CREO Ecuador,9-Feb,"El 13.5% del total de las actas representa a 1,700,000 votantes Lo lógico es que esperemos a que, de acuerdo con la ley, el CNE termine con la revisión del 100% de las actas.

#EcuadorConLasso",43,55,230
Guillermo Lasso,9-Feb,"Tengamos paciencia, cada voto cuenta. Control electoral está atento en cada rincón del país.

FALTAN CONTAR LOS VOTOS DE MÁS DE UN MILLÓN SETECIENTOS MIL ECUATORIANOS.

¡ESTAMOS VIGILANTES!",201,254,1.4K
Guillermo Lasso,9-Feb,"El CNE fue irresponsable en su anuncio anticipado. 

HAY RESULTADO OFICIAL CUANDO EL 100% DE LAS ACTAS ESTÉN ESCRUTADAS.",314,330,1.9K
Guillermo Lasso,9-Feb,"Hay miles de actas con novedades, ESTO AÚN NO TERMINA.

A las 12 se empiezan a contar las actas de Guayas, donde ganaremos 3 a 1 al candidato Yaku Pérez.",712,573,3K
Guillermo Lasso,8-Feb,"Rueda de prensa a las 16h00.

FB: https://facebook.com/LassoGuillermo/posts/5059034834137719…
YT: https://youtu.be/bOiVggLXnuo",185,148,817
Guillermo Lasso,7-Feb,"No permitiremos que los representantes de los más grandes corruptos de los últimos 14 años pretendan regresar. 

La gente honesta está dispuesta a luchar sin descanso por un mejor Ecuador. 

#EcuadorConLasso",522,664,3.5K
Guillermo Lasso,7-Feb,"Tengan la certeza de que estaremos en SEGUNDA VUELTA.

Todo lo que he hecho en mi vida ha requerido lucha, entereza y decisión. Y seguiré trabajando por UN ECUADOR LIBRE Y DEMOCRÁTICO. 

#EcuadorConLasso",419,709,4.2K
Guillermo Lasso,7-Feb,"Agradezco al Ecuador por su votación. Con absoluta frontalidad les digo, nosotros respetamos la ley y se reconoce los resultados cuando esté el 100% de las actas escrutadas. 

#EcuadorConLasso",199,494,3.7K
Guillermo Lasso,7-Feb,"Le doy mis felicitaciones al pueblo ecuatoriano que hoy masivamente acudió a votar, en una actitud de civismo ejemplar y asumiendo riesgos por el futuro. 

Mi felicitación porque más del 65% de los ecuatorianos le dijo NO al modelo totalitario. 

#EcuadorConLasso",1.2K,1.6K,10.8K
Guillermo Lasso,7-Feb,"¡AHORA! Rueda de prensa sobre las elecciones de 2021.

FB: https://facebook.com/LassoGuillermo/posts/5056504651057404…
YT: https://youtu.be/ivKXiQffPe8

#EcuadorConLasso",52,56,397
Guillermo Lasso,7-Feb,"#EcuadorConLasso
#YaVotéPorElCambio",226,397,2.6K
Guillermo Lasso,7-Feb,"El pueblo ecuatoriano es claro y contundente: el espíritu del CAMBIO va a triunfar .

¡VOTA TODO 21-6!

#EcuadorConLasso
#YaVotéPorElCambio",151,311,1.7K
Guillermo Lasso,7-Feb,"¡SEGUIMOS! 

Únete al Informativo CAMBIO 2021, donde podrás enterarte de las noticias de este proceso electoral y las votaciones de los candidatos de 
@CREOEcuador
 . Empezamos 15h00 .

FB: https://facebook.com/LassoGuillermo/posts/5054950274546175…
YT: https://youtu.be/Hr6MhVN70T0

#EcuadorConLasso
#YaVotéPorElCambio",53,108,536
Guillermo Lasso,7-Feb,"Este es el Ecuador que se viene conmigo como su Presidente.

HOY, ¡VOTA TODO 21-6! 

#EcuadorConLasso
#YaVotéPorElCambio",134,537,1.8K
Guillermo Lasso,6-Feb,"EL CAMBIO YA SE SIENTE CON LASSO PRESIDENTE .   

#EcuadorConLasso
#YoVotoPorElCambio
#ElCambioEsLa21",89,380,1.4K
Guillermo Lasso,6-Feb,"¡VOTA POR LA CAPACIDAD Y LA EXPERIENCIA! ¡VOTA TODO 21-6!

Son 50 años creando oportunidades y, con su apoyo, seguiré trabajando por su prosperidad cuando sea Presidente. 

#EcuadorConLasso
#YoVotoPorElCambio
#ElCambioEsLa21",105,459,1.8K
Guillermo Lasso,6-Feb,"¡MAÑANA LLEGA EL CAMBIO Y ES IMPARABLE! 

Vota por tu futuro y el de tu familia.

#EcuadorConLasso 
#YoVotoPorElCambio 
#ElCambioEsLa21",121,532,2.2K
Guillermo Lasso,6-Feb,"ECUADOR VOTA TODO 21-6 .

Este 7 de febrero, ¡LASSO PRESIDENTE!

#EcuadorConLasso
#YoVotoPorElCambio
#ElCambioEsLa21",84,340,1.1K
Guillermo Lasso,6-Feb,"Mañana, ¡VOTA TODO 21-6! 

#EcuadorConLasso
#YoVotoPorElCambio
#ElCambioEsLa21",112,458,1.5K
Guillermo Lasso,6-Feb,"El Ecuador vota todo 21-6 para un sistema de salud gratuito, de calidad y con calidez . 

#EcuadorConLasso
#YoVotoPorElCambio
#ElCambioEsLa21",80,263,1.1K
Guillermo Lasso,6-Feb,"Voy a defender la vida de los 17 millones de ecuatorianos.

VOTA TODO 21-6 . ¡Protegeremos a los ciudadanos honestos con mano de hierro, liderazgo, capacidad y experiencia! 

#EcuadorConLasso
#YoVotoPorElCambio
#ElCambioEsLa21",94,363,1.2K
Alfredo Borrero,5-Feb,"Con mi compañero de fórmula 
@LassoGuillermo
, hemos recorrido el Ecuador profundo y sabemos del inminente cambio que necesita nuestro país. 

#LassoPresidente2021 
#CapacidadParaCambiar",35,218,1K
Josué Sanchez,4-Feb,"¡#Guayaquil VOTARÁ por el equipo del CAMBIO! 
En nuestras manos está el poder para iniciar el camino hacia un mejor futuro como país.  Los ecuatorianos necesitamos empleo, bienestar, salud, educación y seguridad. ¡Vamos juntos por el CAMBIO! 
#RayaTodo6
#LassoPresidente",12,74,317
Guillermo Lasso,5-Feb,"Un CAMBIO para ti y tu familia, por un Ecuador con empleos bien pagados, prosperidad y oportunidades para todos.

VOTA TODO 21-6 . 

#EcuadorConLasso
#LassoPresidente2021",29,149,541
Guillermo Lasso,5-Feb,"¡ES EL MOMENTO DE LA UNIDAD NACIONAL! 

#EcuadorConLasso
#LassoPresidente2021",70,226,775
Guillermo Lasso,5-Feb,"Este 7 de febrero, VAMOS A GANAR . 

Gracias a 
@CynthiaViteri6
, 
@jaimenebotsaadi
 y a 
@La6Ecuador
 por unirse al CAMBIO con 
@CREOEcuador
. 

A todos quienes se han unido en el camino, les agradezco por su confianza en nosotros.

¡Gracias Ecuador! 

#EcuadorConLasso
#LassoYaGanó",145,367,1.6K
Guillermo Lasso,5-Feb,"¡SAL A VOTAR POR EL CAMBIO! 

Este 7 de febrero tú decides. Vota por ti y tu familia, VOTA por la capacidad de construir un Ecuador con EMPLEO y oportunidades.

VOTA TODO 21-6 . 

#EcuadorConLasso 
#YoVotoPorElCambio 
#LassoPresidente2021",47,255,855
Guillermo Lasso,4-Feb,"Salgamos a votar. El 7 de febrero no es una elección cualquiera. Está en tus manos evitar que lleven al Ecuador a la miseria o escoger la opción con la CAPACIDAD PARA CAMBIAR junto a la alianza 21-6. 

Te invito a VOTAR POR EL CAMBIO .

: 
@Vera_ASuManera
.

#EcuadorConLasso",73,281,1.1K
Guillermo Lasso,4-Feb,"HAY QUE APLICAR MANO DE HIERRO PARA ACABAR CON LA DELINCUENCIA .

Con liderazgo, le daremos el respaldo político a la fuerza pública del Ecuador. LA SEGURIDAD CREA EMPLEOS . 

: 
@Vera_ASuManera
.

#EcuadorConLasso",55,149,567
Guillermo Lasso,4-Feb,"Mi gobierno llevará a cabo el proceso de vacunación con vacunas aprobadas por la FDA o la Unión Europea. Hay que desideologizar el plan para vacunar a los ecuatorianos, SIN SALUD NO HAY REACTIVACIÓN ECONÓMICA.

: 
@Vera_ASuManera
.

#EcuadorConLasso",61,172,829
Guillermo Lasso,4-Feb,"¡GUAYAQUIL ESTÁ CON LASSO! 


@CynthiaViteri6
  
@jaimenebotsaadi
  

#EcuadorConLasso
#LassoYaGanó",49,195,579
Guillermo Lasso,4-Feb,#EcuadorConLasso,285,903,4K
Guillermo Lasso,4-Feb,".
@CynthiaViteri6
, 
@jaimenebotsaadi
 y 
@la6ecuador
 nos acompañan en este recorrido por el CAMBIO .

¡UNIDOS POR GUAYAQUIL Y EL ECUADOR! 

#CapacidadParaCambiar
#LassoPresidente2021",47,155,522
Guillermo Lasso,4-Feb,"GRAN CIERRE EN GUAYAQUIL .

¡Estamos UNIDOS por un Ecuador con oportunidades! 

#CapacidadParaCambiar 
#LassoPresidente2021",70,413,1.2K
Guillermo Lasso,4-Feb,"¡VIENE EMPLEO, EMPLEO Y MÁS EMPLEO!

GUAYAQUIL Y TODO EL ECUADOR VOTAN POR 
@CREOEcuador
 y 
@La6Ecuador
 .

#CapacidadParaCambiar
#LassoPresidente2021",52,234,779
Guillermo Lasso,4-Feb,"¡EL CAMBIO YA VIENE! 

Por todas las calles de Guayaquil sentimos el apoyo de la gente 

VOTA TODO 21-6 ESTE 7 DE FEBRERO .

#CapacidadParaCambiar 
#LassoPresidente2021",55,266,1K
Guillermo Lasso,4-Feb,¡EL CAMBIO YA SE SIENTE!,173,507,2.2K
Guillermo Lasso,4-Feb,"¡HOY! 

Te esperamos en la 9 de octubre para celebrar la llegada del CAMBIO .

VAMOS CON CAPACIDAD PARA CAMBIAR .

#CapacidadParaCambiar 
#LassoPresidente2021",35,116,463
Guillermo Lasso,4-Feb,"¡LOS SUBSIDIOS SON PARA LOS POBRES!

#CapacidadParaCambiar
#LassoPresidente2021",41,140,470
Guillermo Lasso,3-Feb,"La educación superior debe ser autónoma, libre y generadora de conocimiento .

Este es nuestro plan para brindar herramientas que apoyen a los jóvenes ecuatorianos a conseguir empleo y mejorar su calidad de vida.

#CapacidadParaCambiar 
#LassoPresidente2021",91,267,707
Guillermo Lasso,3-Feb,"Este 7 de febrero nos jugamos el futuro. El CAMBIO empieza el 8 de febrero votando por la alianza 21-6. 

¡VOTA POR LA CAPACIDAD Y LA EXPERIENCIA!

: 
@LaPosta_Ecu
. 

#LassoPresidente2021",42,172,640
Guillermo Lasso,3-Feb,"Que tu voto sea por el crecimiento económico y la justicia social, la creación de 2 millones de empleos, el aumento del salario básico hasta $500, la teleprosperidad, la independencia económica y un plan de vacunación eficiente. 

: 
@LaPosta_Ecu
. 

#LassoPresidente2021",39,134,534
Guillermo Lasso,3-Feb,"Ecuador necesita del apoyo ciudadano. No permitas que nos lleven a Venezuela, que te quiten el dinero de tus bolsillos y que pongan en juego tu salud con mentiras. Yo te ofrezco trabajar con toda dedicación desde el primer minuto.",58,163,631
Guillermo Lasso,3-Feb,"Sé escuchar, comprender, debatir y también rectificar cuando debo. Este proyecto político se construyó sobre la base de opiniones diferentes, pero de un solo sueño: UN ECUADOR DE OPORTUNIDADES. 

Este 7 de febrero, que tu voto sea por la unidad nacional.",154,492,1.8K
Guillermo Lasso,3-Feb,"Hemos planteado un gran Plan de Gobierno para el crecimiento económico. 

Hoy, en estricta justicia social, tienen mi COMPROMISO FIRMADO de aumentar el salario básico hasta $500 dólares.

#CapacidadParaCambiar 
#LassoPresidente2021",38,160,475
Guillermo Lasso,3-Feb,"Vamos a trabajar por la mujer ecuatoriana. Impulsaremos el emprendimiento, las protegeremos de la violencia y lucharemos por su independencia económica. 

: 
@ecuavisa
. 

#LassoPresidente2021",50,151,690
Guillermo Lasso,3-Feb,"La salud del pueblo hoy es un paso importante para reactivar la economía. Por eso nuestro Plan de Vacunación es de carácter urgente y será masivo con el fin de cumplir la meta de 9 millones de vacunados en 100 días. 

: 
@ecuavisa
. 

#LassoPresidente2021",57,169,609
Guillermo Lasso,3-Feb,"Pondremos en orden la economía para bajar el riesgo país y atraer inversionistas de todo el mundo. El Ecuador es un país con recursos, pero necesita de un buen administrador con CAPACIDAD y EXPERIENCIA. 

: 
@ecuavisa
. 

#LassoPresidente2021",119,464,1.9K
Guillermo Lasso,2-Feb,"MANTA ABRE SUS PUERTAS AL CAMBIO . 

La alianza 21 - 6 trabaja en Manabí por más ingresos para la gente, agua potable en las casas y la teleprosperidad. 

Juntos tenemos la #CapacidasParaCambiar .

#LassoPresidente2021",75,162,764
Guillermo Lasso,2-Feb,"¡RESCATAREMOS AL ECUADOR! 

#CapacidadParaCambiar 
#LassoPresidente2021",96,203,674
Guillermo Lasso,2-Feb,"HAY QUE ATRAER LA INVERSIÓN .

Tenemos la capacidad de establecer alianzas público - privadas que nos permitirán dar solvencia al Estado y generar confianza local e internacional para poder reactivar la economía. 

: Rueda de Prensa en Portoviejo. 

#LassoPresidente2021",43,161,570
Guillermo Lasso,2-Feb,"Mis propuestas para Manabí: Créditos a 30 años plazo y al 1% de interés, junto con obras de infraestructura en proyectos vecinales para el agro. Además, impulsaremos programas de agua potable y electricidad. 

: Rueda de Prensa en Portoviejo. 

#LassoPresidente2021",166,314,1.1K
Guillermo Lasso,2-Feb,"MANABÍ TENDRÁ AUTONOMÍA Y PROSPERIDAD. 

Los manabitas podrán asumir las competencias del agua y la electricidad, junto con la administración del puerto de Manta y el aeropuerto a través de una JUNTA CÍVICA.

: Rueda de Prensa en Portoviejo.

#LassoPresidente2021",50,206,670
Santi Lasso ,2-Feb,"El presidente de Argentina deja colgado a #DesdolArauz con las vacunas. MENTIRA AL DESCUBIERTO en campaña.

¿Se acuerdan de la inversión de Tesla en Yachay en 2017? ¿No? Exacto, no existió. También fue mentira en plena campaña.

#BucArauz es el #NuevoMoreno por donde se lo vea.",86,921,1.9K
Guillermo Lasso,2-Feb,"Chone y Manabí apoyan a los candidatos de 
@CREOEcuador
, el aumento del salario básico hasta $500, la vacunación a 9 millones de ecuatorianos y el CAMBIO.

Con 
@TanllyVera
 y todos los #AsambleístasDelCAMBIO vamos por la prosperidad de los manabitas.

#LassoPresidente2021",60,201,709
Guillermo Lasso,2-Feb,"Llegamos a Chone . Me acompaña mi esposa María de Lourdes para recorrer Manabí, la tierra de mi familia materna . 

¡LOS MANABITAS VOTAN POR LA CAPACIDAD Y LA EXPERIENCIA! 

#CapacidadParaCambiar 
#LassoPresidente2021",92,280,1.4K
